price;product;quantitytoorder2p;region;skucode;skuname;url;title;ahprice;portiegrote;ahsku
1.40;ontbijt-box;1;NL;BAK-10-45005-4;Meergranenbeschuit (8st);https://www.ah.nl/producten/product/wi420826/bolletje-beschuit-vezelrijk-meergranen;Bolletje Beschuit vezelrijk meergranen;1,19;13 Stuk;692567
1.40;ontbijt-box;1;NL;BAK-10-45005-4;Meergranenbeschuit (8st);https://www.ah.nl/producten/product/wi455934/bolletje-boeren-beschuit-meergranen;Bolletje Boeren beschuit meergranen;1,59;160 Gram;612189
1.40;ontbijt-box;1;NL;BAK-10-45005-4;Meergranenbeschuit (8st);https://www.ah.nl/producten/product/wi435720/ah-beschuit-meergranen;AH Beschuit meergranen;0,79;125 Gram;700109
1.07;ontbijt-box;1;NL;BAK-11-21006-4;Zuurdesembroodje (2st);;product not found;product not found;product not found;product not found
1.07;ontbijt-box;1;NL;BAK-11-21006-4;Zuurdesembroodje (2st);;product not found;product not found;product not found;product not found
1.07;ontbijt-box;1;NL;BAK-11-21006-4;Zuurdesembroodje (2st);;product not found;product not found;product not found;product not found
0.39;ontbijt-box;1;NL;BAK-11-21008-4;Bruine ciabatta (2st);;product not found;product not found;product not found;product not found
0.39;ontbijt-box;1;NL;BAK-11-21008-4;Bruine ciabatta (2st);;product not found;product not found;product not found;product not found
0.39;ontbijt-box;1;NL;BAK-11-21008-4;Bruine ciabatta (2st);;product not found;product not found;product not found;product not found
0.90;ontbijt-box;1;NL;BAK-11-21010-4;Bruin rozenbroodje (2st);;product not found;product not found;product not found;product not found
0.90;ontbijt-box;1;NL;BAK-11-21010-4;Bruin rozenbroodje (2st);;product not found;product not found;product not found;product not found
0.90;ontbijt-box;1;NL;BAK-11-21010-4;Bruin rozenbroodje (2st);;product not found;product not found;product not found;product not found
1.53;ontbijt-box;1;NL;BAK-11-21013-4;Meergranen croissant (2st);;product not found;product not found;product not found;product not found
1.53;ontbijt-box;1;NL;BAK-11-21013-4;Meergranen croissant (2st);;product not found;product not found;product not found;product not found
1.53;ontbijt-box;1;NL;BAK-11-21013-4;Meergranen croissant (2st);;product not found;product not found;product not found;product not found
0.52;ontbijt-box;1;NL;BAK-11-21043-4;Friese suikerbol (2st);;product not found;product not found;product not found;product not found
0.52;ontbijt-box;1;NL;BAK-11-21043-4;Friese suikerbol (2st);;product not found;product not found;product not found;product not found
0.52;ontbijt-box;1;NL;BAK-11-21043-4;Friese suikerbol (2st);;product not found;product not found;product not found;product not found
0.73;ontbijt-box;1;NL;DAI-10-16089-4;Crème fraîche (125g);https://www.ah.nl/producten/product/wi3868/ah-creme-fraiche;AH Crème fraîche;0,89;125 Gram;99369
0.73;ontbijt-box;1;NL;DAI-10-16089-4;Crème fraîche (125g);https://www.ah.nl/producten/product/wi67781/ah-creme-fraiche-light;AH Crème fraîche light;0,95;125 Gram;530940
0.73;ontbijt-box;1;NL;DAI-10-16089-4;Crème fraîche (125g);https://www.ah.nl/producten/product/wi195849/de-zaanse-hoeve-creme-fraiche;De Zaanse Hoeve Crème fraîche;0,69;200 Gram;573255
0.79;ontbijt-box;2;NL;DAI-10-16090-4;Bulgaarse yoghurt (500ml);;product not found;product not found;product not found;product not found
0.79;ontbijt-box;2;NL;DAI-10-16090-4;Bulgaarse yoghurt (500ml);;product not found;product not found;product not found;product not found
0.79;ontbijt-box;2;NL;DAI-10-16090-4;Bulgaarse yoghurt (500ml);https://www.ah.nl/producten/product/wi177511/ah-yoghurt-bulgaarse-stijl;AH Yoghurt Bulgaarse stijl;1,39;500 Gram;768146
0.87;ontbijt-box;1;NL;DAI-10-16091-4;Griekse yoghurt (500ml);https://www.ah.nl/producten/product/wi407959/de-zaanse-hoeve-yoghurt-griekse-stijl-2percent-vet;De Zaanse Hoeve Yoghurt Griekse stijl 2% vet;1,69;1 Kilogram;853187
0.87;ontbijt-box;1;NL;DAI-10-16091-4;Griekse yoghurt (500ml);https://www.ah.nl/producten/product/wi412573/almhof-griekse-stijl-yoghurt-0percent-vet-naturel;Almhof Griekse stijl yoghurt 0% vet naturel;1,55;450 Gram;856016
0.87;ontbijt-box;1;NL;DAI-10-16091-4;Griekse yoghurt (500ml);https://www.ah.nl/producten/product/wi216237/de-zaanse-hoeve-yoghurt-griekse-stijl;De Zaanse Hoeve Yoghurt Griekse stijl;1,69;1 Kilogram;809358
0.81;ontbijt-box;1;NL;DAI-10-16092-4;Halfvolle melk (1l);https://www.ah.nl/producten/product/wi200486/de-zaanse-hoeve-halfvolle-melk;De Zaanse Hoeve Halfvolle melk;1,65;2 Liter;574301
0.81;ontbijt-box;1;NL;DAI-10-16092-4;Halfvolle melk (1l);https://www.ah.nl/producten/product/wi1525/ah-halfvolle-melk;AH Halfvolle melk;1,05;1 Liter;11943
0.81;ontbijt-box;1;NL;DAI-10-16092-4;Halfvolle melk (1l);https://www.ah.nl/producten/product/wi33693/ah-halfvolle-melk;AH Halfvolle melk;1,45;1.5 Liter;92154
0.98;ontbijt-box;1;NL;DAI-10-16095-4;Halfvolle yoghurt (1l);https://www.ah.nl/producten/product/wi186766/campina-biologisch-halfvolle-yoghurt;Campina Biologisch halfvolle yoghurt;1,33;1000 Milliliter;780597
0.98;ontbijt-box;1;NL;DAI-10-16095-4;Halfvolle yoghurt (1l);https://www.ah.nl/producten/product/wi121656/ah-milde-yoghurt-halfvol;AH Milde yoghurt (halfvol);1,05;1 Liter;575366
0.98;ontbijt-box;1;NL;DAI-10-16095-4;Halfvolle yoghurt (1l);https://www.ah.nl/producten/product/wi373908/ah-halfvolle-vanilleyoghurt;AH Halfvolle vanilleyoghurt;1,22;1 Liter;27504
1.04;ontbijt-box;1;NL;DAI-10-16101-4;Volle yoghurt (1l);https://www.ah.nl/producten/product/wi1518/ah-volle-yoghurt;AH Volle yoghurt;1,05;1 Liter;540180
1.04;ontbijt-box;1;NL;DAI-10-16101-4;Volle yoghurt (1l);https://www.ah.nl/producten/product/wi60746/ah-biologisch-volle-yoghurt;AH Biologisch Volle yoghurt;1,09;1 Liter;106377
1.04;ontbijt-box;1;NL;DAI-10-16101-4;Volle yoghurt (1l);https://www.ah.nl/producten/product/wi1557/campina-biologisch-volle-yoghurt;Campina Biologisch volle yoghurt;1,43;1000 Milliliter;65079
1.48;ontbijt-box;1;NL;DAI-10-16103-4;Volle kwark (500g);https://www.ah.nl/producten/product/wi387970/campina-magere-milde-kwark-naturel;Campina Magere milde kwark naturel;1,22;500 Gram;845350
1.48;ontbijt-box;1;NL;DAI-10-16103-4;Volle kwark (500g);https://www.ah.nl/producten/product/wi407975/campina-volle-milde-kwark;Campina Volle milde kwark;1,68;500 Gram;853221
1.48;ontbijt-box;1;NL;DAI-10-16103-4;Volle kwark (500g);https://www.ah.nl/producten/product/wi130184/ah-volle-franse-kwark;AH Volle Franse kwark;1,33;500 Gram;590142
1.41;ontbijt-box;1;NL;DAI-10-16106-4;Halfvolle kwark (500ml);https://www.ah.nl/producten/product/wi121611/mona-kwark-halfvol-banaan;Mona Kwark halfvol banaan;1,99;667 Gram;543255
1.41;ontbijt-box;1;NL;DAI-10-16106-4;Halfvolle kwark (500ml);https://www.ah.nl/producten/product/wi403752/ah-halfvolle-franse-kwark;AH Halfvolle franse kwark;1,15;500 Gram;851111
1.41;ontbijt-box;1;NL;DAI-10-16106-4;Halfvolle kwark (500ml);https://www.ah.nl/producten/product/wi195869/ah-halfvolle-smulkwark-seizoen;AH Halfvolle smulkwark seizoen;1,49;450 Gram;595110
0.39;ontbijt-box;1;NL;DAI-10-22003-4;Kokosmelk (150ml);https://www.ah.nl/producten/product/wi164936/fairtrade-original-kokosmelk;Fairtrade Original Kokosmelk;1,79;400 Milliliter;628341
0.39;ontbijt-box;1;NL;DAI-10-22003-4;Kokosmelk (150ml);https://www.ah.nl/producten/product/wi161932/ah-kokosmelk;AH Kokosmelk;0,99;200 Milliliter;629848
0.39;ontbijt-box;1;NL;DAI-10-22003-4;Kokosmelk (150ml);https://www.ah.nl/producten/product/wi221261/bon-coco-kokosmelk-klappermelk-light;Bon Coco Kokosmelk klappermelk light;0,89;400 Milliliter;816656
1.55;ontbijt-box;1;NL;DAI-10-45463-4;Hüttenkäse (200g);https://www.ah.nl/producten/product/wi400467/ah-cottage-cheese;AH Cottage cheese;0,55;200 Gram;849721
1.55;ontbijt-box;1;NL;DAI-10-45463-4;Hüttenkäse (200g);https://www.ah.nl/producten/product/wi1932/danone-huttenkase;Danone Hüttenkäse;1,29;1 Stuk;8045
1.55;ontbijt-box;1;NL;DAI-10-45463-4;Hüttenkäse (200g);https://www.ah.nl/producten/product/wi67552/danone-huttenkase;Danone Hüttenkäse;2,45;product not found;product not found
0.44;ontbijt-box;1;NL;DAI-10-48003-4;Weerribben halfvolle melk BIO (330ml);;product not found;product not found;product not found;product not found
0.44;ontbijt-box;1;NL;DAI-10-48003-4;Weerribben halfvolle melk BIO (330ml);;product not found;product not found;product not found;product not found
0.44;ontbijt-box;1;NL;DAI-10-48003-4;Weerribben halfvolle melk BIO (330ml);;product not found;product not found;product not found;product not found
1.01;ontbijt-box;1;NL;DAI-11-13124-4;Ricotta (160g);https://www.ah.nl/producten/product/wi238953/galbani-mini-ricotta;Galbani Mini ricotta;1,25;100 Gram;830891
1.01;ontbijt-box;1;NL;DAI-11-13124-4;Ricotta (160g);https://www.ah.nl/producten/product/wi400469/ah-biologisch-ricotta;AH Biologisch Ricotta;2,49;250 Gram;849723
1.01;ontbijt-box;1;NL;DAI-11-13124-4;Ricotta (160g);https://www.ah.nl/producten/product/wi186785/galbani-ricotta;Galbani Ricotta;2,39;250 Gram;783864
1.23;ontbijt-box;1;NL;DAI-11-13125-4;Ricotta (200g);https://www.ah.nl/producten/product/wi186785/galbani-ricotta;Galbani Ricotta;2,39;250 Gram;783864
1.23;ontbijt-box;1;NL;DAI-11-13125-4;Ricotta (200g);https://www.ah.nl/producten/product/wi238953/galbani-mini-ricotta;Galbani Mini ricotta;1,25;100 Gram;830891
1.23;ontbijt-box;1;NL;DAI-11-13125-4;Ricotta (200g);https://www.ah.nl/producten/product/wi400469/ah-biologisch-ricotta;AH Biologisch Ricotta;2,49;250 Gram;849723
0.89;ontbijt-box;1;NL;DAI-11-15018-4;Oude kaas, flakes (100g);;product not found;product not found;product not found;product not found
0.89;ontbijt-box;1;NL;DAI-11-15018-4;Oude kaas, flakes (100g);;product not found;product not found;product not found;product not found
0.89;ontbijt-box;1;NL;DAI-11-15018-4;Oude kaas, flakes (100g);;product not found;product not found;product not found;product not found
0.25;ontbijt-box;1;NL;DAI-11-15022-4;Belegen kaas, geraspt (25g);https://www.ah.nl/producten/product/wi197172/de-zaanse-hoeve-mild-30-geraspt;De Zaanse Hoeve Mild 30+ geraspt;1,69;200 Gram;619166
0.25;ontbijt-box;1;NL;DAI-11-15022-4;Belegen kaas, geraspt (25g);https://www.ah.nl/producten/product/wi140101/de-zaanse-hoeve-kaas-geraspt-mild-45;De Zaanse Hoeve Kaas geraspt mild 45+;1,59;200 Gram;603017
0.25;ontbijt-box;1;NL;DAI-11-15022-4;Belegen kaas, geraspt (25g);https://www.ah.nl/producten/product/wi193770/de-zaanse-hoeve-pittig-45-geraspt;De Zaanse Hoeve Pittig 45+ geraspt;1,84;200 Gram;574899
0.41;ontbijt-box;1;NL;DAI-11-15044-4;Kruidenkaas, blokjes (50g) -1899;;product not found;product not found;product not found;product not found
0.41;ontbijt-box;1;NL;DAI-11-15044-4;Kruidenkaas, blokjes (50g) -1899;;product not found;product not found;product not found;product not found
0.41;ontbijt-box;1;NL;DAI-11-15044-4;Kruidenkaas, blokjes (50g) -1899;;product not found;product not found;product not found;product not found
2.08;ontbijt-box;1;NL;DAI-11-15144-4;Oude geitenkaas, flakes (100g);;product not found;product not found;product not found;product not found
2.08;ontbijt-box;1;NL;DAI-11-15144-4;Oude geitenkaas, flakes (100g);;product not found;product not found;product not found;product not found
2.08;ontbijt-box;1;NL;DAI-11-15144-4;Oude geitenkaas, flakes (100g);;product not found;product not found;product not found;product not found
0.79;ontbijt-box;2;NL;DAI-11-15241-4;Oud kaas, plakken (2st);https://www.ah.nl/producten/product/wi197229/de-zaanse-hoeve-oud-48-plakken;De Zaanse Hoeve Oud 48+ plakken;3,20;250 Gram;793720
0.79;ontbijt-box;2;NL;DAI-11-15241-4;Oud kaas, plakken (2st);https://www.ah.nl/producten/product/wi2606/ah-goudse-oud-48-plakken;AH Goudse oud 48+ plakken;2,79;190 Gram;69866
0.79;ontbijt-box;2;NL;DAI-11-15241-4;Oud kaas, plakken (2st);https://www.ah.nl/producten/product/wi104393/ah-zaanlander-oud-48-plakken;AH Zaanlander Oud 48+ plakken;4,29;260 Gram;536392
0.73;ontbijt-box;2;NL;DAI-11-45007-4;Belegen kaas, plakken (2st);https://www.ah.nl/producten/product/wi197227/de-zaanse-hoeve-jong-belegen-48-plakken;De Zaanse Hoeve Jong belegen 48+ plakken;3,09;400 Gram;793718
0.73;ontbijt-box;2;NL;DAI-11-45007-4;Belegen kaas, plakken (2st);https://www.ah.nl/producten/product/wi128799/ah-goudse-belegen-48-plakken-voordeel;AH Goudse belegen 48+ plakken voordeel;4,65;400 Gram;582794
0.73;ontbijt-box;2;NL;DAI-11-45007-4;Belegen kaas, plakken (2st);https://www.ah.nl/producten/product/wi121168/ah-goudse-jong-belegen-48-plakken-voordeel;AH Goudse jong belegen 48+ plakken voordeel;4,15;400 Gram;574906
0.96;ontbijt-box;1;NL;DAI-11-48438-4;Verse geitenkaas (100g);https://www.ah.nl/producten/product/wi396970/ah-geitenkaas-honing-45;AH Geitenkaas honing 45+;2,19;124 Gram;847992
0.96;ontbijt-box;1;NL;DAI-11-48438-4;Verse geitenkaas (100g);https://www.ah.nl/producten/product/wi396969/ah-geitenkaas-naturel-55;AH Geitenkaas naturel 55+;2,15;124 Gram;847991
0.96;ontbijt-box;1;NL;DAI-11-48438-4;Verse geitenkaas (100g);https://www.ah.nl/producten/product/wi236943/ah-geitenkaas-naturel-in-plakjes;AH Geitenkaas naturel in plakjes;2,19;200 Gram;819933
0.99;ontbijt-box;1;NL;DRY-10-19024-4;Crackers (300g);https://www.ah.nl/producten/product/wi196377/ah-luchtige-crackers-tarwe;AH Luchtige crackers tarwe;0,78;250 Gram;640025
0.99;ontbijt-box;1;NL;DRY-10-19024-4;Crackers (300g);https://www.ah.nl/producten/product/wi387906/wasa-volkoren;Wasa Volkoren;1,29;260 Gram;845205
0.99;ontbijt-box;1;NL;DRY-10-19024-4;Crackers (300g);https://www.ah.nl/producten/product/wi2432/lu-minicrackers-olijfolie-and-oregano;LU Minicrackers olijfolie & oregano;1,39;250 Gram;527935
0.95;ontbijt-box;1;NL;DRY-10-37002-4;Oer-speltwafels (12st);https://www.ah.nl/producten/product/wi437877/ah-100percent-spelt-gepoft;AH 100% spelt gepoft;1,49;150 Gram;63065
0.95;ontbijt-box;1;NL;DRY-10-37002-4;Oer-speltwafels (12st);https://www.ah.nl/producten/product/wi365909/zonnatura-speltwafels-quinoa-boekweit-gierst;Zonnatura Speltwafels quinoa - boekweit - gierst;1,49;100 Gram;832936
0.95;ontbijt-box;1;NL;DRY-10-37002-4;Oer-speltwafels (12st);https://www.ah.nl/producten/product/wi227710/smaakt-speltwafel;Smaakt Speltwafel;1,15;100 Gram;821458
0.86;ontbijt-box;1;NL;DRY-10-38001-4;Volkoren pannenkoekenmix (100g);https://www.ah.nl/producten/product/wi238895/koopmans-pannenkoeken-volkoren;Koopmans Pannenkoeken volkoren;1,22;400 Gram;831568
0.86;ontbijt-box;1;NL;DRY-10-38001-4;Volkoren pannenkoekenmix (100g);https://www.ah.nl/producten/product/wi36478/ah-pannenkoekmix-meergranen;AH Pannenkoekmix meergranen;0,69;400 Gram;79701
0.86;ontbijt-box;1;NL;DRY-10-38001-4;Volkoren pannenkoekenmix (100g);https://www.ah.nl/producten/product/wi367206/ah-basic-mix-voor-meergranen-pannenkoeken;AH BASIC Mix voor meergranen pannenkoeken;0,55;400 Gram;833707
1.06;ontbijt-box;1;NL;DRY-10-46732-4;Crackers (215g);;product not found;product not found;product not found;product not found
1.06;ontbijt-box;1;NL;DRY-10-46732-4;Crackers (215g);;product not found;product not found;product not found;product not found
1.06;ontbijt-box;1;NL;DRY-10-46732-4;Crackers (215g);urls;product not found;product not found;product not found;product not found
1.10;ontbijt-box;1;NL;DRY-10-46733-4;Crackers (210g);https://www.ah.nl/producten/product/wi387906/wasa-volkoren;Wasa Volkoren;1,29;260 Gram;845205
1.10;ontbijt-box;1;NL;DRY-10-46733-4;Crackers (210g);https://www.ah.nl/producten/product/wi196377/ah-luchtige-crackers-tarwe;AH Luchtige crackers tarwe;0,78;250 Gram;640025
1.10;ontbijt-box;1;NL;DRY-10-46733-4;Crackers (210g);https://www.ah.nl/producten/product/wi2432/lu-minicrackers-olijfolie-and-oregano;LU Minicrackers olijfolie & oregano;1,39;250 Gram;527935
1.17;ontbijt-box;1;NL;DRY-10-46734-4;Crackers (260g);https://www.ah.nl/producten/product/wi196377/ah-luchtige-crackers-tarwe;AH Luchtige crackers tarwe;0,78;250 Gram;640025
1.17;ontbijt-box;1;NL;DRY-10-46734-4;Crackers (260g);https://www.ah.nl/producten/product/wi2432/lu-minicrackers-olijfolie-and-oregano;LU Minicrackers olijfolie & oregano;1,39;250 Gram;527935
1.17;ontbijt-box;1;NL;DRY-10-46734-4;Crackers (260g);https://www.ah.nl/producten/product/wi387906/wasa-volkoren;Wasa Volkoren;1,29;260 Gram;845205
0.32;ontbijt-box;1;NL;DRY-11-24801-4;Meergranenvlokken (100g);;product not found;product not found;product not found;product not found
0.32;ontbijt-box;1;NL;DRY-11-24801-4;Meergranenvlokken (100g);;product not found;product not found;product not found;product not found
0.32;ontbijt-box;1;NL;DRY-11-24801-4;Meergranenvlokken (100g);;product not found;product not found;product not found;product not found
0.48;ontbijt-box;1;NL;DRY-11-24802-4;Meergranenvlokken (200g);;product not found;product not found;product not found;product not found
0.48;ontbijt-box;1;NL;DRY-11-24802-4;Meergranenvlokken (200g);;product not found;product not found;product not found;product not found
0.48;ontbijt-box;1;NL;DRY-11-24802-4;Meergranenvlokken (200g);;product not found;product not found;product not found;product not found
0.29;ontbijt-box;1;NL;PHF-10-16003-4;Bosui (6st);;product not found;product not found;product not found;product not found
0.29;ontbijt-box;1;NL;PHF-10-16003-4;Bosui (6st);https://www.ah.nl/producten/product/wi46236/ah-bosuitjes;AH Bosuitjes;0,99;3 Stuk;526612
0.29;ontbijt-box;1;NL;PHF-10-16003-4;Bosui (6st);https://www.ah.nl/producten/product/wi169813/ah-salade-ui;AH Salade ui;0,69;1 Stuk;599987
0.36;ontbijt-box;1;NL;PHF-10-16033-4;Komkommer;https://www.ah.nl/producten/product/wi214142/ah-snoepgroente-komkommer;AH Snoepgroente komkommer;2,99;400 Gram;810542
0.36;ontbijt-box;1;NL;PHF-10-16033-4;Komkommer;https://www.ah.nl/producten/product/wi101130/ah-biologisch-komkommer;AH Biologisch Komkommer;1,09;1 Stuks;529604
0.36;ontbijt-box;1;NL;PHF-10-16033-4;Komkommer;https://www.ah.nl/producten/product/wi54074/ah-komkommer;AH Komkommer;0,89;1 Stuk;508672
0.30;ontbijt-box;1;NL;PHF-10-16053-4;Rode paprika;https://www.ah.nl/producten/product/wi128874/ah-biologisch-rode-paprika;AH Biologisch Rode paprika;1,69;1 Stuk;537135
0.30;ontbijt-box;1;NL;PHF-10-16053-4;Rode paprika;https://www.ah.nl/producten/product/wi168310/royal-geroosterde-rode-paprika;Royal Geroosterde rode paprika;2,69;465 Gram;635262
0.30;ontbijt-box;1;NL;PHF-10-16053-4;Rode paprika;https://www.ah.nl/producten/product/wi4117/ah-rode-paprika;AH Rode paprika;0,99;1 Stuk;646784
0.95;ontbijt-box;1;NL;PHF-10-16176-4;Ananas;https://www.ah.nl/producten/product/wi56757/ah-basic-ananasstukjes;AH BASIC Ananasstukjes;1,01;567 Gram;514852
0.95;ontbijt-box;1;NL;PHF-10-16176-4;Ananas;https://www.ah.nl/producten/product/wi133713/ah-verse-ananas-stukjes;AH Verse ananas stukjes;2,00;230 Gram;563952
0.95;ontbijt-box;1;NL;PHF-10-16176-4;Ananas;https://www.ah.nl/producten/product/wi382975/ah-ananas;AH Ananas;1,79;1 Stuk;841962
0.17;ontbijt-box;4;NL;PHF-10-16178-4;Elstar appel;;product not found;product not found;product not found;product not found
0.17;ontbijt-box;4;NL;PHF-10-16178-4;Elstar appel;https://www.ah.nl/producten/product/wi159311/ah-excellent-hollandse-elstar-appelsap;AH Excellent Hollandse Elstar appelsap;2,15;1 Liter;625044
0.17;ontbijt-box;4;NL;PHF-10-16178-4;Elstar appel;;product not found;product not found;product not found;product not found
0.14;ontbijt-box;2;NL;PHF-10-16185-4;Jonagold appel;https://www.ah.nl/producten/product/wi128221/ah-biologisch-jonagold-op-schaal;AH Biologisch Jonagold op schaal;2,59;4 Stuks;528043
0.14;ontbijt-box;2;NL;PHF-10-16185-4;Jonagold appel;https://www.ah.nl/producten/product/wi445918/ah-jonagold-op-schaal;AH Jonagold op schaal;1,79;4 Stuks;707230
0.14;ontbijt-box;2;NL;PHF-10-16185-4;Jonagold appel;https://www.ah.nl/producten/product/wi109078/ah-jonagold;AH Jonagold;2,29;1.5 Kilogram;87864
0.60;ontbijt-box;1;NL;PHF-10-16188-4;Banaan (2st);https://www.ah.nl/producten/product/wi226607/chiquita-bananen;Chiquita Bananen;2,00;1250 Gram;820327
0.60;ontbijt-box;1;NL;PHF-10-16188-4;Banaan (2st);https://www.ah.nl/producten/product/wi127393/chiquita-bananen;Chiquita Bananen;1,95;1 Kilogram;590762
0.60;ontbijt-box;1;NL;PHF-10-16188-4;Banaan (2st);https://www.ah.nl/producten/product/wi197393/bananen-zak;Bananen zak;1,19;5 Stuk;767854
1.02;ontbijt-box;1;NL;PHF-10-16189-4;Banaan (4st);https://www.ah.nl/producten/product/wi226607/chiquita-bananen;Chiquita Bananen;2,00;1250 Gram;820327
1.02;ontbijt-box;1;NL;PHF-10-16189-4;Banaan (4st);https://www.ah.nl/producten/product/wi197393/bananen-zak;Bananen zak;1,19;5 Stuk;767854
1.02;ontbijt-box;1;NL;PHF-10-16189-4;Banaan (4st);https://www.ah.nl/producten/product/wi127393/chiquita-bananen;Chiquita Bananen;1,95;1 Kilogram;590762
1.94;ontbijt-box;1;NL;PHF-10-16199-4;Blauwe druiven (500g);;product not found;product not found;product not found;product not found
1.94;ontbijt-box;1;NL;PHF-10-16199-4;Blauwe druiven (500g);https://www.ah.nl/producten/product/wi229094/ah-sable-druif;AH Sable druif;2,99;400 Gram;823656
1.94;ontbijt-box;1;NL;PHF-10-16199-4;Blauwe druiven (500g);https://www.ah.nl/producten/product/wi127258/ah-pitloze-blauwe-druiven;AH Pitloze blauwe druiven;2,79;500 Gram;581880
0.29;ontbijt-box;2;NL;PHF-10-16220-4;Handsinaasappel;https://www.ah.nl/producten/product/wi67896/ah-handsinaasappelen-medium;AH Handsinaasappelen medium;3,49;2 Kilogram;542405
0.29;ontbijt-box;2;NL;PHF-10-16220-4;Handsinaasappel;https://www.ah.nl/producten/product/wi95822/ah-handsinaasappelen-groot;AH Handsinaasappelen groot;3,29;1.5 Kilogram;542404
0.29;ontbijt-box;2;NL;PHF-10-16220-4;Handsinaasappel;https://www.ah.nl/producten/product/wi389503/ah-bruisend-mineraalwater-bloedsinaasappel;AH Bruisend mineraalwater bloedsinaasappel;0,72;1.5 Liter;846362
0.20;ontbijt-box;4;NL;PHF-10-16225-4;Groene kiwi;;product not found;product not found;product not found;product not found
0.20;ontbijt-box;4;NL;PHF-10-16225-4;Groene kiwi;https://www.ah.nl/producten/product/wi445210/organix-knijpfruit-appel-groene-bonenandkiwi-6-36m;Organix Knijpfruit appel groene bonen&kiwi 6-36m;0,99;100 Gram;35177
0.20;ontbijt-box;4;NL;PHF-10-16225-4;Groene kiwi;https://www.ah.nl/producten/product/wi381405/ah-groene-thee-appel-and-kiwi;AH Groene thee appel & kiwi;1,19;30 Gram;841325
0.16;ontbijt-box;4;NL;PHF-10-16227-4;Mandarijn;https://www.ah.nl/producten/product/wi852/ah-mandarijnpartjes-op-lichte-siroop;AH Mandarijnpartjes op lichte siroop;0,79;300 Gram;5725
0.16;ontbijt-box;4;NL;PHF-10-16227-4;Mandarijn;https://www.ah.nl/producten/product/wi106260/ah-mandarijnen-groot;AH Mandarijnen groot;3,99;1.5 Kilogram;549860
0.16;ontbijt-box;4;NL;PHF-10-16227-4;Mandarijn;https://www.ah.nl/producten/product/wi94782/ah-mandarijnen-net;AH Mandarijnen net;2,99;1 Kilogram;548401
0.37;ontbijt-box;4;NL;PHF-10-16233-4;Passievrucht;https://www.ah.nl/producten/product/wi224719/optimel-drinkyoghurt-mango-passievrucht-0percent-vet;Optimel Drinkyoghurt mango passievrucht 0% vet;1,89;1500 Milliliter;817794
0.37;ontbijt-box;4;NL;PHF-10-16233-4;Passievrucht;https://www.ah.nl/producten/product/wi129244/optimel-drinkyoghurt-mango-passievrucht-0percent-vet;Optimel Drinkyoghurt mango passievrucht 0% vet;1,29;1000 Milliliter;587840
0.37;ontbijt-box;4;NL;PHF-10-16233-4;Passievrucht;https://www.ah.nl/producten/product/wi379563/ah-smoothie-mango-passievrucht;AH Smoothie mango-passievrucht;1,09;250 Milliliter;840400
0.14;ontbijt-box;2;NL;PHF-10-16235-4;Conference peer;https://www.ah.nl/producten/product/wi383655/ah-conference-peren;AH Conference peren;1,99;1 Kilogram;842982
0.14;ontbijt-box;2;NL;PHF-10-16235-4;Conference peer;https://www.ah.nl/producten/product/wi115513/ah-conference-handperen;AH Conference handperen;0,47;1 Kilogram;20810
0.14;ontbijt-box;2;NL;PHF-10-16235-4;Conference peer;https://www.ah.nl/producten/product/wi96398/ah-conference-handperen;AH Conference handperen;2,09;4 Stuks;516344
0.28;ontbijt-box;2;NL;PHF-10-16236-4;Doyenne do comice peer;;product not found;product not found;product not found;product not found
0.28;ontbijt-box;2;NL;PHF-10-16236-4;Doyenne do comice peer;;product not found;product not found;product not found;product not found
0.28;ontbijt-box;2;NL;PHF-10-16236-4;Doyenne do comice peer;;product not found;product not found;product not found;product not found
0.10;ontbijt-box;6;NL;PHF-10-16239-4;Perssinaasappel;https://www.ah.nl/producten/product/wi197297/ah-perssinaasappelen-voordeel;AH Perssinaasappelen voordeel;5,29;4 Kilogram;553262
0.10;ontbijt-box;6;NL;PHF-10-16239-4;Perssinaasappel;https://www.ah.nl/producten/product/wi96271/ah-perssinaasappelen;AH Perssinaasappelen;2,89;2 Kilogram;101409
0.10;ontbijt-box;6;NL;PHF-10-16239-4;Perssinaasappel;https://www.ah.nl/producten/product/wi62198/ah-vers-sap-sinaasappel;AH Vers sap sinaasappel;3,09;1000 Milliliter;520310
0.97;ontbijt-box;1;NL;PHF-10-16670-4;Avocado;https://www.ah.nl/producten/product/wi462427/ah-avocado;AH Avocado;product not found;product not found;product not found
0.97;ontbijt-box;1;NL;PHF-10-16670-4;Avocado;https://www.ah.nl/producten/product/wi169797/ah-avocado;AH Avocado;1,29;1 Stuk;597702
0.97;ontbijt-box;1;NL;PHF-10-16670-4;Avocado;https://www.ah.nl/producten/product/wi129400/ah-avocado-eetrijp;AH Avocado eetrijp;2,99;2 Stuks;571118
0.39;ontbijt-box;1;NL;PHF-10-41013-4;Rucolacress;;product not found;product not found;product not found;product not found
0.39;ontbijt-box;1;NL;PHF-10-41013-4;Rucolacress;;product not found;product not found;product not found;product not found
0.39;ontbijt-box;1;NL;PHF-10-41013-4;Rucolacress;;product not found;product not found;product not found;product not found
0.33;ontbijt-box;1;NL;PHF-10-41062-4;Tuinkers (20g);;product not found;product not found;product not found;product not found
0.33;ontbijt-box;1;NL;PHF-10-41062-4;Tuinkers (20g);https://www.ah.nl/producten/product/wi41245/discover-fresh-tuinkers;Discover Fresh Tuinkers;1,00;20 Gram;21033
0.33;ontbijt-box;1;NL;PHF-10-41062-4;Tuinkers (20g);;product not found;product not found;product not found;product not found
0.10;ontbijt-box;2;NL;PHF-10-41126-4;Pruimtomaat;;product not found;product not found;product not found;product not found
0.10;ontbijt-box;2;NL;PHF-10-41126-4;Pruimtomaat;;product not found;product not found;product not found;product not found
0.10;ontbijt-box;2;NL;PHF-10-41126-4;Pruimtomaat;;product not found;product not found;product not found;product not found
1.13;ontbijt-box;1;NL;PHF-10-41211-4;Frambozen (125g);https://www.ah.nl/producten/product/wi396952/ah-sweet-eve-frambozen;AH Sweet Eve frambozen;3,99;225 Gram;846934
1.13;ontbijt-box;1;NL;PHF-10-41211-4;Frambozen (125g);https://www.ah.nl/producten/product/wi162672/ah-doosjevol-frambozen;AH Doosjevol frambozen;1,89;250 Gram;631846
1.13;ontbijt-box;1;NL;PHF-10-41211-4;Frambozen (125g);https://www.ah.nl/producten/product/wi367237/ah-sweet-eve-frambozen;AH Sweet eve frambozen;2,79;140 Gram;833879
0.57;ontbijt-box;1;NL;PHF-11-16077-4;Spinazie (100g);https://www.ah.nl/producten/product/wi224710/ah-babyspinazie;AH Babyspinazie;1,59;100 Gram;817384
0.57;ontbijt-box;1;NL;PHF-11-16077-4;Spinazie (100g);https://www.ah.nl/producten/product/wi395960/ah-spinazie;AH Spinazie;1,49;400 Gram;847359
0.57;ontbijt-box;1;NL;PHF-11-16077-4;Spinazie (100g);https://www.ah.nl/producten/product/wi395948/ah-kleintje-spinazie;AH Kleintje spinazie;1,29;200 Gram;847346
0.41;ontbijt-box;1;NL;PHF-11-16084-4;Veldsla (40g);https://www.ah.nl/producten/product/wi67593/ah-veldsla;AH Veldsla;1,00;85 Gram;60443
0.41;ontbijt-box;1;NL;PHF-11-16084-4;Veldsla (40g);https://www.ah.nl/producten/product/wi168091/ah-veldsla-voordeel;AH Veldsla voordeel;1,69;150 Gram;644401
0.41;ontbijt-box;1;NL;PHF-11-16084-4;Veldsla (40g);https://www.ah.nl/producten/product/wi168154/ah-jonge-bladsla-met-veldsla;AH Jonge bladsla met veldsla;2,00;100 Gram;633950
0.28;ontbijt-box;1;NL;PHF-11-16126-4;Bieslook (10g);https://www.ah.nl/producten/product/wi195376/ah-zuivelspread-bieslook-light;AH Zuivelspread bieslook light;1,79;200 Gram;796255
0.28;ontbijt-box;1;NL;PHF-11-16126-4;Bieslook (10g);https://www.ah.nl/producten/product/wi238965/ah-bieslook;AH Bieslook;1,69;25 Gram;831597
0.28;ontbijt-box;1;NL;PHF-11-16126-4;Bieslook (10g);https://www.ah.nl/producten/product/wi217288/ah-scharrelei-bieslook-salade;AH Scharrelei bieslook salade;2,00;150 Gram;807578
0.20;ontbijt-box;1;NL;PHF-11-16130-4;Bladpeterselie (10g);;product not found;product not found;product not found;product not found
0.20;ontbijt-box;1;NL;PHF-11-16130-4;Bladpeterselie (10g);;product not found;product not found;product not found;product not found
0.20;ontbijt-box;1;NL;PHF-11-16130-4;Bladpeterselie (10g);;product not found;product not found;product not found;product not found
0.42;ontbijt-box;1;NL;PHF-11-16724-4;Dadelstukjes (50g);https://www.ah.nl/producten/product/wi413550/ah-witte-chocoladepasta-amandelstukjes;AH Witte chocoladepasta amandelstukjes;2,05;200 Gram;856524
0.42;ontbijt-box;1;NL;PHF-11-16724-4;Dadelstukjes (50g);https://www.ah.nl/producten/product/wi437107/ah-verrijker-dadelstukjes;AH Verrijker dadelstukjes;1,99;250 Gram;63094
0.42;ontbijt-box;1;NL;PHF-11-16724-4;Dadelstukjes (50g);https://www.ah.nl/producten/product/wi437106/ah-verrijker-amandelstukjes;AH Verrijker amandelstukjes;3,99;250 Gram;63083
0.55;ontbijt-box;1;NL;PHF-11-16729-4;Gedroogde vijgenstukjes (50g);;product not found;product not found;product not found;product not found
0.55;ontbijt-box;1;NL;PHF-11-16729-4;Gedroogde vijgenstukjes (50g);;product not found;product not found;product not found;product not found
0.55;ontbijt-box;1;NL;PHF-11-16729-4;Gedroogde vijgenstukjes (50g);;product not found;product not found;product not found;product not found
0.47;ontbijt-box;1;NL;PHF-11-41213-4;Alfalfa (40g);https://www.ah.nl/producten/product/wi365468/ah-sojabonen-koelvers;AH Sojabonen (koelvers);2,69;200 Gram;832214
0.47;ontbijt-box;1;NL;PHF-11-41213-4;Alfalfa (40g);https://www.ah.nl/producten/product/wi111784/ah-alfalfa;AH Alfalfa;1,00;40 Gram;563900
0.47;ontbijt-box;1;NL;PHF-11-41213-4;Alfalfa (40g);https://www.ah.nl/producten/product/wi365474/ah-pittige-kiemgroente;AH Pittige kiemgroente;1,09;60 Gram;832220
0.28;ontbijt-box;1;NL;PHF-11-45051-4;Citroenmelisse (10g);;product not found;product not found;product not found;product not found
0.28;ontbijt-box;1;NL;PHF-11-45051-4;Citroenmelisse (10g);https://www.ah.nl/producten/product/wi183590/sleepzz-melatonine-en-citroenmelisse-forte;Sleepzz Melatonine en citroenmelisse forte;13,79;50 Stuk;821190
0.28;ontbijt-box;1;NL;PHF-11-45051-4;Citroenmelisse (10g);;product not found;product not found;product not found;product not found
0.65;ontbijt-box;1;NL;PHF-11-47901-4;Gedroogde abrikoosstukjes (100g);;product not found;product not found;product not found;product not found
0.65;ontbijt-box;1;NL;PHF-11-47901-4;Gedroogde abrikoosstukjes (100g);;product not found;product not found;product not found;product not found
0.65;ontbijt-box;1;NL;PHF-11-47901-4;Gedroogde abrikoosstukjes (100g);;product not found;product not found;product not found;product not found
0.46;ontbijt-box;1;NL;PRO-10-19010-4;Honing (28g);https://www.ah.nl/producten/product/wi128873/ah-gele-honingmeloen;AH Gele honingmeloen;2,69;1 Stuk;20836
0.46;ontbijt-box;1;NL;PRO-10-19010-4;Honing (28g);https://www.ah.nl/producten/product/wi410194/bloemenhoning-vloeibaar;Bloemenhoning vloeibaar;1,79;350 Gram;854625
0.46;ontbijt-box;1;NL;PRO-10-19010-4;Honing (28g);https://www.ah.nl/producten/product/wi55438/ah-schenkhoning;AH Schenkhoning;2,49;450 Gram;511498
0.17;ontbijt-box;4;NL;PRO-10-29001-4;Pindakaas (15g);https://www.ah.nl/producten/product/wi123432/ah-pindakaas-voordeel;AH Pindakaas voordeel;2,79;600 Gram;577585
0.17;ontbijt-box;4;NL;PRO-10-29001-4;Pindakaas (15g);https://www.ah.nl/producten/product/wi3579/calve-pindakaas-pot;Calvé Pindakaas pot;2,75;350 Gram;5359
0.17;ontbijt-box;4;NL;PRO-10-29001-4;Pindakaas (15g);https://www.ah.nl/producten/product/wi220739/calve-pindakaas-pot;Calvé Pindakaas pot;3,99;650 Gram;815481
1.39;ontbijt-box;1;NL;PRO-11-45091-4;Vruchtenspread appel & framboos (170g);;product not found;product not found;product not found;product not found
1.39;ontbijt-box;1;NL;PRO-11-45091-4;Vruchtenspread appel & framboos (170g);;product not found;product not found;product not found;product not found
1.39;ontbijt-box;1;NL;PRO-11-45091-4;Vruchtenspread appel & framboos (170g);;product not found;product not found;product not found;product not found
1.39;ontbijt-box;1;NL;PRO-11-45500-4;Vruchtenspread mango & ananas (170g);;product not found;product not found;product not found;product not found
1.39;ontbijt-box;1;NL;PRO-11-45500-4;Vruchtenspread mango & ananas (170g);;product not found;product not found;product not found;product not found
1.39;ontbijt-box;1;NL;PRO-11-45500-4;Vruchtenspread mango & ananas (170g);;product not found;product not found;product not found;product not found
0.47;ontbijt-box;1;NL;PTN-10-18001-4;Vrije-uitloopei (4st);https://www.ah.nl/producten/product/wi168502/ah-biologisch-eieren;AH Biologisch Eieren;3,69;560 Gram;751795
0.47;ontbijt-box;1;NL;PTN-10-18001-4;Vrije-uitloopei (4st);https://www.ah.nl/producten/product/wi46882/ah-vrije-uitloop-eierkoeken;AH Vrije uitloop eierkoeken;0,82;300 Gram;102255
0.47;ontbijt-box;1;NL;PTN-10-18001-4;Vrije-uitloopei (4st);https://www.ah.nl/producten/product/wi161001/blije-kip-buitenei-vrije-uitloop;Blije Kip Buitenei vrije uitloop;2,95;10 Stuk;622771
0.42;ontbijt-box;1;NL;PTN-11-10638-4;Spekblokjes (40g);https://www.ah.nl/producten/product/wi130250/ah-spekreepjes;AH spekreepjes;2,99;250 Gram;590596
0.42;ontbijt-box;1;NL;PTN-11-10638-4;Spekblokjes (40g);https://www.ah.nl/producten/product/wi221032/gerookte-spekreepjes;Gerookte spekreepjes;2,39;300 Gram;815840
0.42;ontbijt-box;1;NL;PTN-11-10638-4;Spekblokjes (40g);https://www.ah.nl/producten/product/wi130257/ah-biologisch-spekreepjes;AH Biologisch Spekreepjes;3,59;200 Gram;591015
0.65;ontbijt-box;1;NL;PTN-11-10681-4;Ontbijtspek (50g);https://www.ah.nl/producten/product/wi221031/meesterandzn-gerookt-ontbijtspek;Meester&Zn Gerookt ontbijtspek;2,12;200 Gram;815839
0.65;ontbijt-box;1;NL;PTN-11-10681-4;Ontbijtspek (50g);https://www.ah.nl/producten/product/wi1565/ah-gerookt-ontbijtspek;AH Gerookt ontbijtspek;2,79;150 Gram;779494
0.65;ontbijt-box;1;NL;PTN-11-10681-4;Ontbijtspek (50g);https://www.ah.nl/producten/product/wi197147/ah-ontbijtspek;AH Ontbijtspek;2,16;118 Gram;591084
2.48;ontbijt-box;1;NL;PTN-11-10734-4;Gesneden achterham (12x15g);;product not found;product not found;product not found;product not found
2.48;ontbijt-box;1;NL;PTN-11-10734-4;Gesneden achterham (12x15g);;product not found;product not found;product not found;product not found
2.48;ontbijt-box;1;NL;PTN-11-10734-4;Gesneden achterham (12x15g);;product not found;product not found;product not found;product not found
0.83;ontbijt-box;1;NL;PTN-11-45466-4;Kalkoenfilet x4;https://www.ah.nl/producten/product/wi221033/meesterandzn-kalkoenfilet;Meester&Zn Kalkoenfilet;1,38;150 Gram;815841
0.83;ontbijt-box;1;NL;PTN-11-45466-4;Kalkoenfilet x4;https://www.ah.nl/producten/product/wi197434/ah-kalkoenfilet;AH Kalkoenfilet;2,85;150 Gram;789504
0.83;ontbijt-box;1;NL;PTN-11-45466-4;Kalkoenfilet x4;https://www.ah.nl/producten/product/wi126993/ah-kalkoenborstfilet;AH Kalkoenborstfilet;2,29;100 Gram;576522
0.47;ontbijt-box;1;NL;PTN-11-48553-1;Vrije-uitloopei (4st);https://www.ah.nl/producten/product/wi46882/ah-vrije-uitloop-eierkoeken;AH Vrije uitloop eierkoeken;0,82;300 Gram;102255
0.47;ontbijt-box;1;NL;PTN-11-48553-1;Vrije-uitloopei (4st);https://www.ah.nl/producten/product/wi161001/blije-kip-buitenei-vrije-uitloop;Blije Kip Buitenei vrije uitloop;2,95;10 Stuk;622771
0.47;ontbijt-box;1;NL;PTN-11-48553-1;Vrije-uitloopei (4st);https://www.ah.nl/producten/product/wi168502/ah-biologisch-eieren;AH Biologisch Eieren;3,69;560 Gram;751795
0.05;ontbijt-box;1;NL;SPI-10-45391-4;Gemalen kaneel (3g);https://www.ah.nl/producten/product/wi414962/verstegen-zakje-kaneel-gemalen;Verstegen Zakje kaneel gemalen;1,43;35 Gram;857066
0.05;ontbijt-box;1;NL;SPI-10-45391-4;Gemalen kaneel (3g);https://www.ah.nl/producten/product/wi197971/ah-basic-kaneel-gemalen;AH BASIC Kaneel gemalen;0,90;50 Gram;635876
0.05;ontbijt-box;1;NL;SPI-10-45391-4;Gemalen kaneel (3g);https://www.ah.nl/producten/product/wi216632/verstegen-strooier-kaneel;Verstegen Strooier kaneel;2,09;37 Gram;810503
0.05;ontbijt-box;1;NL;SPI-10-45401-4;Paprikapoeder (4g);https://www.ah.nl/producten/product/wi216677/verstegen-strooier-paprikapoeder-mild;Verstegen Strooier paprikapoeder mild;2,15;38 Gram;810558
0.05;ontbijt-box;1;NL;SPI-10-45401-4;Paprikapoeder (4g);https://www.ah.nl/producten/product/wi164655/ah-paprika-mild-poeder;AH Paprika mild poeder;2,05;37 Gram;635903
0.05;ontbijt-box;1;NL;SPI-10-45401-4;Paprikapoeder (4g);https://www.ah.nl/producten/product/wi197977/ah-basic-paprika-gemalen;AH BASIC Paprika gemalen;0,76;50 Gram;635882
0.94;ontbijt-box;1;NL;SPI-11-24102-4;Gebrande en gezouten amandelen (100g);;product not found;product not found;product not found;product not found
0.94;ontbijt-box;1;NL;SPI-11-24102-4;Gebrande en gezouten amandelen (100g);;product not found;product not found;product not found;product not found
0.94;ontbijt-box;1;NL;SPI-11-24102-4;Gebrande en gezouten amandelen (100g);;product not found;product not found;product not found;product not found
0.20;ontbijt-box;1;NL;SPI-11-24209-4;Chiazaad (10g);https://www.ah.nl/producten/product/wi227438/ah-chiazaad;AH Chiazaad;2,35;175 Gram;820904
0.20;ontbijt-box;1;NL;SPI-11-24209-4;Chiazaad (10g);https://www.ah.nl/producten/product/wi461576/de-kleine-keuken-letterkoekjes-met-chiazaad-12m-bio;De Kleine Keuken Letterkoekjes met Chiazaad 12m bio;2,59;4 Stuk. 120 Gram;713810
0.20;ontbijt-box;1;NL;SPI-11-24209-4;Chiazaad (10g);https://www.ah.nl/producten/product/wi437115/ah-chiazaad;AH Chiazaad;2,49;225 Gram;63166
0.21;ontbijt-box;1;NL;SPI-11-24231-4;Lijnzaad (30g);https://www.ah.nl/producten/product/wi170880/zonnatura-gebroken-lijnzaad;Zonnatura Gebroken lijnzaad;1,99;400 Gram;760063
0.21;ontbijt-box;1;NL;SPI-11-24231-4;Lijnzaad (30g);https://www.ah.nl/producten/product/wi227834/smaakt-lijnzaad-gebroken;Smaakt Lijnzaad gebroken;1,99;500 Gram;821640
0.21;ontbijt-box;1;NL;SPI-11-24231-4;Lijnzaad (30g);https://www.ah.nl/producten/product/wi404051/puur-natuur-lijnzaad-gebroken-bio;Puur Natuur Lijnzaad gebroken bio;1,99;500 Gram;851456
0.72;ontbijt-box;1;NL;SPI-11-24245-4;Chocovlokken (50g);;product not found;product not found;product not found;product not found
0.72;ontbijt-box;1;NL;SPI-11-24245-4;Chocovlokken (50g);;product not found;product not found;product not found;product not found
0.72;ontbijt-box;1;NL;SPI-11-24245-4;Chocovlokken (50g);;product not found;product not found;product not found;product not found
0.65;ontbijt-box;1;NL;SPI-11-24246-4;Chocovlokken (60g);;product not found;product not found;product not found;product not found
0.65;ontbijt-box;1;NL;SPI-11-24246-4;Chocovlokken (60g);;product not found;product not found;product not found;product not found
0.65;ontbijt-box;1;NL;SPI-11-24246-4;Chocovlokken (60g);;product not found;product not found;product not found;product not found
0.49;ontbijt-box;1;NL;SPI-11-24271-4;Havermout (150g);https://www.ah.nl/producten/product/wi237890/ah-biologisch-havermout;AH Biologisch Havermout;1,09;450 Gram;830687
0.49;ontbijt-box;1;NL;SPI-11-24271-4;Havermout (150g);https://www.ah.nl/producten/product/wi368020/ah-vezelrijke-havermout-fijne-vlokken;AH Vezelrijke havermout fijne vlokken;0,89;450 Gram;833335
0.49;ontbijt-box;1;NL;SPI-11-24271-4;Havermout (150g);https://www.ah.nl/producten/product/wi48405/ah-basic-havermout;AH BASIC Havermout;0,50;500 Gram;501381
0.52;ontbijt-box;1;NL;SPI-11-24272-4;Havermout (200g);https://www.ah.nl/producten/product/wi237890/ah-biologisch-havermout;AH Biologisch Havermout;1,09;450 Gram;830687
0.52;ontbijt-box;1;NL;SPI-11-24272-4;Havermout (200g);https://www.ah.nl/producten/product/wi368020/ah-vezelrijke-havermout-fijne-vlokken;AH Vezelrijke havermout fijne vlokken;0,89;450 Gram;833335
0.52;ontbijt-box;1;NL;SPI-11-24272-4;Havermout (200g);https://www.ah.nl/producten/product/wi48405/ah-basic-havermout;AH BASIC Havermout;0,50;500 Gram;501381
0.19;ontbijt-box;1;NL;SPI-11-24328-4;Kokosrasp (20g);https://www.ah.nl/producten/product/wi371137/biotoday-kokosrasp;BioToday Kokosrasp;1,99;150 Gram;836022
0.19;ontbijt-box;1;NL;SPI-11-24328-4;Kokosrasp (20g);https://www.ah.nl/producten/product/wi438897/take-one-kokosrasp;Take One Kokosrasp;1,49;150 Gram;69314
0.19;ontbijt-box;1;NL;SPI-11-24328-4;Kokosrasp (20g);https://www.ah.nl/producten/product/wi404058/puur-natuur-kokosrasp;Puur Natuur Kokosrasp;2,99;250 Gram;851463
0.29;ontbijt-box;1;NL;SPI-11-24331-4;Kokosrasp (40g);https://www.ah.nl/producten/product/wi371137/biotoday-kokosrasp;BioToday Kokosrasp;1,99;150 Gram;836022
0.29;ontbijt-box;1;NL;SPI-11-24331-4;Kokosrasp (40g);https://www.ah.nl/producten/product/wi438897/take-one-kokosrasp;Take One Kokosrasp;1,49;150 Gram;69314
0.29;ontbijt-box;1;NL;SPI-11-24331-4;Kokosrasp (40g);https://www.ah.nl/producten/product/wi404058/puur-natuur-kokosrasp;Puur Natuur Kokosrasp;2,99;250 Gram;851463
0.50;ontbijt-box;1;NL;SPI-11-24387-4;Muesli (100g);https://www.ah.nl/producten/product/wi139748/quaker-cruesli-4-noten;Quaker Cruesli 4 noten;2,99;500 Gram;610911
0.50;ontbijt-box;1;NL;SPI-11-24387-4;Muesli (100g);https://www.ah.nl/producten/product/wi123393/quaker-cruesli-luchtig-naturel;Quaker Cruesli luchtig naturel;2,75;375 Gram;523702
0.50;ontbijt-box;1;NL;SPI-11-24387-4;Muesli (100g);https://www.ah.nl/producten/product/wi140655/quaker-cruesli-chocolade;Quaker Cruesli chocolade;2,99;500 Gram;610908
0.93;ontbijt-box;1;NL;SPI-11-24431-4;Pecannoten (60g);https://www.ah.nl/producten/product/wi397901/ah-ongebrande-pecannoten;AH Ongebrande pecannoten;3,90;200 Gram;848387
0.93;ontbijt-box;1;NL;SPI-11-24431-4;Pecannoten (60g);https://www.ah.nl/producten/product/wi187172/ah-pecannoten-gezouten;AH Pecannoten gezouten;3,24;115 Gram;788091
0.93;ontbijt-box;1;NL;SPI-11-24431-4;Pecannoten (60g);https://www.ah.nl/producten/product/wi197740/ah-pecannoten-ongezouten;AH Pecannoten ongezouten;3,14;115 Gram;788229
0.29;ontbijt-box;1;NL;SPI-11-24456-4;Pompoenpitten (40g);https://www.ah.nl/producten/product/wi456508/bolletje-vezelrijke-zadencrackers-pompoenpitten;Bolletje Vezelrijke zadencrackers pompoenpitten;2,19;265 Gram;615445
0.29;ontbijt-box;1;NL;SPI-11-24456-4;Pompoenpitten (40g);https://www.ah.nl/producten/product/wi161495/ah-pompoenpitten;AH Pompoenpitten;1,95;100 Gram;629246
0.29;ontbijt-box;1;NL;SPI-11-24456-4;Pompoenpitten (40g);https://www.ah.nl/producten/product/wi404056/puur-natuur-pompoenpitten;Puur Natuur Pompoenpitten;4,49;500 Gram;851461
0.22;ontbijt-box;1;NL;SPI-11-24467-4;Zonnebloempitten (40g);https://www.ah.nl/producten/product/wi227772/raw-organic-food-zonnebloempitten;Raw Organic Food Zonnebloempitten;1,59;300 Gram;821570
0.22;ontbijt-box;1;NL;SPI-11-24467-4;Zonnebloempitten (40g);https://www.ah.nl/producten/product/wi404055/puur-natuur-zonnebloempitten;Puur Natuur Zonnebloempitten;2,99;500 Gram;851460
0.22;ontbijt-box;1;NL;SPI-11-24467-4;Zonnebloempitten (40g);https://www.ah.nl/producten/product/wi456509/bolletje-vezelrijk-zadencackers-zonnebloempitten;Bolletje Vezelrijk zadencackers zonnebloempitten;2,19;265 Gram;615583
0.94;ontbijt-box;1;NL;SPI-11-24546-4;Pistachenoten (40g);https://www.ah.nl/producten/product/wi161587/ah-basic-pistachenoten;AH BASIC Pistachenoten;3,35;250 Gram;625075
0.94;ontbijt-box;1;NL;SPI-11-24546-4;Pistachenoten (40g);https://www.ah.nl/producten/product/wi197741/ah-notenmix-pistache-ongezouten;AH Notenmix pistache ongezouten;3,79;150 Gram;788232
0.94;ontbijt-box;1;NL;SPI-11-24546-4;Pistachenoten (40g);https://www.ah.nl/producten/product/wi57744/ah-pistachenoten-gezouten;AH Pistachenoten gezouten;3,19;140 Gram;611745
0.74;ontbijt-box;1;NL;SPI-11-24568-4;Walnoten (80g);https://www.ah.nl/producten/product/wi403605/ah-ongebrande-walnoten;AH Ongebrande walnoten;6,39;300 Gram;851141
0.74;ontbijt-box;1;NL;SPI-11-24568-4;Walnoten (80g);https://www.ah.nl/producten/product/wi140736/ah-walnoten-ongezouten;AH Walnoten ongezouten;2,99;110 Gram;611715
0.74;ontbijt-box;1;NL;SPI-11-24568-4;Walnoten (80g);https://www.ah.nl/producten/product/wi397907/ah-ongebrande-walnoten;AH Ongebrande walnoten;2,85;200 Gram;848393
1.19;ontbijt-box;1;NL;SPI-11-24709-4;Cranberry-notenmix (120g);https://www.ah.nl/producten/product/wi460470/ah-ongebrande-notenmix-cranberry-rozijn;AH Ongebrande notenmix cranberry rozijn;1,99;200 Gram;713149
1.19;ontbijt-box;1;NL;SPI-11-24709-4;Cranberry-notenmix (120g);https://www.ah.nl/producten/product/wi416632/duyvis-ongezouten-notenmix-met-cranberry;Duyvis Ongezouten notenmix met cranberry;2,59;30 Gram;857340
1.19;ontbijt-box;1;NL;SPI-11-24709-4;Cranberry-notenmix (120g);https://www.ah.nl/producten/product/wi403685/duyvis-ongezouten-notenmix-met-cranberry;Duyvis Ongezouten notenmix met cranberry;1,89;125 Gram;851163
0.48;ontbijt-box;1;NL;SPI-11-24723-4;Cranberry-pittenmix (80g);https://www.ah.nl/producten/product/wi217701/ah-frisse-cranberrymix-ongezouten;AH Frisse cranberrymix ongezouten;2,33;200 Gram;812884
0.48;ontbijt-box;1;NL;SPI-11-24723-4;Cranberry-pittenmix (80g);https://www.ah.nl/producten/product/wi460470/ah-ongebrande-notenmix-cranberry-rozijn;AH Ongebrande notenmix cranberry rozijn;1,99;200 Gram;713149
0.48;ontbijt-box;1;NL;SPI-11-24723-4;Cranberry-pittenmix (80g);https://www.ah.nl/producten/product/wi403685/duyvis-ongezouten-notenmix-met-cranberry;Duyvis Ongezouten notenmix met cranberry;1,89;125 Gram;851163
1.09;ontbijt-box;2;NL;SPI-11-24777-4;Notemix (100g);https://www.ah.nl/producten/product/wi426102/ah-ongezouten-notenmix;AH Ongezouten notenmix;2,56;200 Gram;8409
1.09;ontbijt-box;2;NL;SPI-11-24777-4;Notemix (100g);https://www.ah.nl/producten/product/wi217701/ah-frisse-cranberrymix-ongezouten;AH Frisse cranberrymix ongezouten;2,33;200 Gram;812884
1.09;ontbijt-box;2;NL;SPI-11-24777-4;Notemix (100g);https://www.ah.nl/producten/product/wi397829/ah-ongebrande-noten-mix;AH Ongebrande noten mix;2,66;200 Gram;848382
0.24;ontbijt-box;2;NL;SPI-11-48633-1;Abrikozenstukjes (40g);;product not found;product not found;product not found;product not found
0.24;ontbijt-box;2;NL;SPI-11-48633-1;Abrikozenstukjes (40g);;product not found;product not found;product not found;product not found
0.24;ontbijt-box;2;NL;SPI-11-48633-1;Abrikozenstukjes (40g);;product not found;product not found;product not found;product not found
0.30;ontbijt-box;1;NL;SPI-11-48637-1;Vijgenstukjes (40g);;product not found;product not found;product not found;product not found
0.30;ontbijt-box;1;NL;SPI-11-48637-1;Vijgenstukjes (40g);https://www.ah.nl/producten/product/wi437105/ah-verrijker-vijgenstukjes;AH Verrijker vijgenstukjes;1,99;250 Gram;63078
0.30;ontbijt-box;1;NL;SPI-11-48637-1;Vijgenstukjes (40g);;product not found;product not found;product not found;product not found
0.22;ontbijt-box;1;NL;SPI-11-48641-1;Dadelstukjes (40g);https://www.ah.nl/producten/product/wi413550/ah-witte-chocoladepasta-amandelstukjes;AH Witte chocoladepasta amandelstukjes;2,05;200 Gram;856524
0.22;ontbijt-box;1;NL;SPI-11-48641-1;Dadelstukjes (40g);https://www.ah.nl/producten/product/wi437106/ah-verrijker-amandelstukjes;AH Verrijker amandelstukjes;3,99;250 Gram;63083
0.22;ontbijt-box;1;NL;SPI-11-48641-1;Dadelstukjes (40g);https://www.ah.nl/producten/product/wi437107/ah-verrijker-dadelstukjes;AH Verrijker dadelstukjes;1,99;250 Gram;63094
0.44;ontbijt-box;2;NL;SPI-11-48676-1;Pecanstukjes (30g);;product not found;product not found;product not found;product not found
0.44;ontbijt-box;2;NL;SPI-11-48676-1;Pecanstukjes (30g);;product not found;product not found;product not found;product not found
0.44;ontbijt-box;2;NL;SPI-11-48676-1;Pecanstukjes (30g);;product not found;product not found;product not found;product not found
